{
  "AbeCurse": 11.11111111111111,
  "Adrenaline": 60.0,
  "Aggregate": 16.666666666666664,
  "All For One": 33.33333333333333,
  "Alriune": 54.54545454545454,
  "Amnesia": 12.5,
  "Amplify": 33.33333333333333,
  "Anger": 21.428571428571427,
  "Apotheosis": 70.0,
  "Armaments": 23.076923076923077,
  "Backflip": 12.5,
  "Backstab": 37.5,
  "Ball Lightning": 30.76923076923077,
  "Bandage Up": 41.9753086419753,
  "Barrage": 0.0,
  "Barricade": 87.5,
  "BattleHymn": 50.0,
  "Beam Cell": 12.5,
  "BeautyBeast": 12.82051282051282,
  "Berserk": 33.33333333333333,
  "BigBadWolf": 28.57142857142857,
  "BigBird": 20.0,
  "BiteCommand": 75.0,
  "BlackArmy": 57.14285714285714,
  "BlackSwan": 12.5,
  "Blade Dance": 7.142857142857142,
  "Blasphemy": 20.0,
  "Blind": 28.169014084507044,
  "Bloodbath": 25.0,
  "Bloodletting": 25.0,
  "Bludgeon": 40.0,
  "BlueStar": 60.0,
  "BodiesMountain": 20.0,
  "Body Slam": 22.22222222222222,
  "Bomb": 48.275862068965516,
  "BootSequence": 25.0,
  "BowlingBash": 11.11111111111111,
  "Buffer": 71.42857142857143,
  "Bullet Time": 60.0,
  "Capacitor": 50.0,
  "Carnage": 37.5,
  "Chaos": 50.0,
  "ChaosCard": 100.0,
  "CherryBlossoms": 8.333333333333332,
  "Chrysalis": 36.36363636363637,
  "Clash": 7.6923076923076925,
  "Cleave": 15.0,
  "Cloak And Dagger": 15.384615384615385,
  "Clothesline": 7.6923076923076925,
  "Cloudkill": 16.666666666666664,
  "Clumsy": 66.66666666666666,
  "Cold Snap": 50.0,
  "Collect": 75.0,
  "CommonCold": 50.0,
  "Compile Driver": 0.0,
  "Consecrate": 33.33333333333333,
  "Conserve Battery": 37.5,
  "Coolheaded": 43.75,
  "Core Surge": 37.5,
  "CorruptTheSpire:BlackOmen": 75.0,
  "CorruptTheSpire:BlasphemousHymn": 60.0,
  "CorruptTheSpire:EldritchInsight": 16.666666666666664,
  "CorruptTheSpire:EssenceRip": 25.0,
  "CorruptTheSpire:Fragmentize": 25.0,
  "CorruptTheSpire:JourneyBeyond": 33.33333333333333,
  "CorruptTheSpire:ManiacalRage": 50.0,
  "CorruptTheSpire:ShadowAndFlame": 50.0,
  "CorruptTheSpire:VoidArmor": 60.0,
  "CorruptTheSpire:WickedWard": 50.0,
  "Corruption": 22.22222222222222,
  "Creative AI": 70.0,
  "Crescendo": 9.090909090909092,
  "Crippling Poison": 33.33333333333333,
  "Crow Ritual": 21.428571428571427,
  "CrumblingArmor": 22.22222222222222,
  "CrushJoints": 16.666666666666664,
  "CurseOfTheBell": 27.27272727272727,
  "CutThroughFate": 28.57142857142857,
  "DTMod:Adaptation": 18.854282536151278,
  "DTMod:Astonish": 18.32779623477298,
  "DTMod:BalancedStrike": 40.39769754055468,
  "DTMod:BizarreTactic": 12.472339569503118,
  "DTMod:BlazingStrike": 21.276167471819647,
  "DTMod:BlueScale": 28.556092324208265,
  "DTMod:BreakAttack": 21.032845271072418,
  "DTMod:BuildUp": 13.51189286428143,
  "DTMod:BurningEnergy": 22.16432865731463,
  "DTMod:BurningForce": 28.026533996683252,
  "DTMod:CalculatedDefense": 29.45902517407606,
  "DTMod:CleansingStrike": 26.38973732437385,
  "DTMod:ComboAttack": 46.45432692307692,
  "DTMod:Conduct": 14.731653888280395,
  "DTMod:Coolant": 21.686746987951807,
  "DTMod:Cover": 14.335808580858087,
  "DTMod:CrossStep": 32.8133704735376,
  "DTMod:DarkBreath": 38.13979086406164,
  "DTMod:DeepFocus": 17.448923246824958,
  "DTMod:Dissolve": 35.54083885209713,
  "DTMod:DragonDance": 56.51456844420011,
  "DTMod:EchoTactic": 41.24783362218371,
  "DTMod:ExcessFootwork": 13.059360730593609,
  "DTMod:Feint": 15.970417749350391,
  "DTMod:FierySynthesis": 28.303571428571427,
  "DTMod:FlameSlash": 28.962857722752183,
  "DTMod:ForkedFire": 34.23137876386688,
  "DTMod:GearUp": 30.181818181818183,
  "DTMod:GhostSkin": 14.760348583877997,
  "DTMod:Harmonize": 54.223433242506815,
  "DTMod:Haste": 19.381557150745444,
  "DTMod:HeadStart": 58.192567567567565,
  "DTMod:HeatWave": 26.27826441230393,
  "DTMod:Hide": 18.04928131416838,
  "DTMod:Inferno": 39.022222222222226,
  "DTMod:InvisibleFlame": 49.37669376693767,
  "DTMod:LastStand": 18.843683083511777,
  "DTMod:LightShield": 44.064748201438846,
  "DTMod:LowKick": 10.497237569060774,
  "DTMod:MagicField": 17.200238616027043,
  "DTMod:MagiciansMark": 52.7632344386271,
  "DTMod:MasterPlan": 17.440196278879576,
  "DTMod:MaximumCharge": 27.497371188222925,
  "DTMod:Multitask": 26.40144665461121,
  "DTMod:Observe": 29.483122362869196,
  "DTMod:OpeningTactic": 38.88404533565824,
  "DTMod:Outburst": 22.432432432432435,
  "DTMod:Overwhelm": 26.18923157344485,
  "DTMod:Prediction": 28.314798973481608,
  "DTMod:Punisher": 7.07110498325783,
  "DTMod:PurifyingFlame": 26.77453027139875,
  "DTMod:QuickFly": 28.210823909531502,
  "DTMod:RecklessFlurry": 15.74123989218329,
  "DTMod:RepeatStrike": 39.186851211072664,
  "DTMod:ResonanceForm": 44.64609800362977,
  "DTMod:RunningTactic": 21.897018970189702,
  "DTMod:Safeguard": 38.76611418047882,
  "DTMod:SealedStrike": 47.34389561975769,
  "DTMod:ShadowImage": 53.171155516941795,
  "DTMod:ShieldDrain": 37.20803910917979,
  "DTMod:Shift": 24.02173913043478,
  "DTMod:SneakAttack": 30.811706239646604,
  "DTMod:StarRain": 17.598684210526315,
  "DTMod:StunTrap": 14.86854034451496,
  "DTMod:TagTeam": 40.01100715465052,
  "DTMod:TauntingStrike": 24.849149753154144,
  "DTMod:Threaten": 24.54691904953685,
  "DTMod:Training": 52.354740061162076,
  "DTMod:TriAttack": 36.56006914433881,
  "DTMod:WarmUp": 40.934065934065934,
  "DTMod:Weaken": 19.677033492822968,
  "Dagger Spray": 33.33333333333333,
  "Dagger Throw": 0.0,
  "Dark Shackles": 33.33333333333333,
  "Darkness": 16.666666666666664,
  "Dash": 50.0,
  "Deadly Poison": 23.076923076923077,
  "Decay": 28.57142857142857,
  "Deep Breath": 26.027397260273972,
  "Deflect": 10.0,
  "Defragment": 33.33333333333333,
  "Defy Death": 20.0,
  "Delirium": 36.36363636363637,
  "DemoMod:DirectionalPad": 60.0,
  "DemoMod:Elimentaler": 75.0,
  "Demon Form": 62.5,
  "DespairKnight": 18.181818181818183,
  "DeusExMachina": 20.0,
  "Disarm": 11.11111111111111,
  "Discovery": 45.588235294117645,
  "Distraction": 50.0,
  "DoctorFetus": 88.88888888888889,
  "Dodge and Roll": 11.11111111111111,
  "Double Tap": 22.22222222222222,
  "Doubt": 58.333333333333336,
  "Dramatic Entrance": 50.0,
  "DreamingCurrent": 20.0,
  "Dropkick": 37.5,
  "Dual Wield": 16.666666666666664,
  "Echo Form": 71.42857142857143,
  "Electrodynamics": 33.33333333333333,
  "EmptyFist": 0.0,
  "Enlightenment": 22.388059701492537,
  "Entrench": 16.666666666666664,
  "Envenom": 50.0,
  "Escape Plan": 33.33333333333333,
  "Establishment": 20.0,
  "Evaluate": 37.5,
  "Evolve": 33.33333333333333,
  "Exhume": 28.57142857142857,
  "FIFO Queue": 75.0,
  "FTL": 50.0,
  "FairyFestival": 30.76923076923077,
  "Feed": 60.0,
  "Feel No Pain": 20.0,
  "Fiend Fire": 25.0,
  "FieryBird": 28.57142857142857,
  "Finesse": 50.0,
  "Fire Breathing": 40.0,
  "Flame Barrier": 33.33333333333333,
  "Flash of Steel": 49.36708860759494,
  "Flex": 35.0,
  "FlurryOfBlows": 16.666666666666664,
  "Flying Knee": 35.714285714285715,
  "FlyingSleeves": 40.0,
  "FollowUp": 30.0,
  "Force Field": 50.0,
  "Forethought": 12.32876712328767,
  "Forgetful": 25.0,
  "Freischutz": 62.5,
  "Funeral": 30.0,
  "Fusion": 40.0,
  "GalaxyChild": 45.45454545454545,
  "Gash": 8.333333333333332,
  "Genetic Algorithm": 33.33333333333333,
  "Gensokyo:Dawn": 75.0,
  "Glass Knife": 50.0,
  "Go for the Eyes": 9.090909090909092,
  "Good Instincts": 20.27027027027027,
  "Grasp_Heart": 25.0,
  "GreedKing": 28.57142857142857,
  "Guardian:Gem_Cyan": 14.285714285714285,
  "Guardian:Gem_Green": 20.0,
  "Guardian:Gem_Lightblue": 9.090909090909092,
  "Guardian:Gem_Red": 9.090909090909092,
  "Hallucinations": 37.5,
  "Halt": 0.0,
  "HandOfGreed": 12.5,
  "HappyTeddy": 20.0,
  "Havoc": 0.0,
  "Headbutt": 30.76923076923077,
  "Heavy Blade": 23.52941176470588,
  "HeroicMonk": 16.666666666666664,
  "Hologram": 28.000000000000004,
  "Impatience": 23.376623376623375,
  "Impervious": 10.0,
  "Infernal Blade": 50.0,
  "Inflame": 50.0,
  "Injury": 46.15384615384615,
  "Intimidate": 75.0,
  "Iron Wave": 15.384615384615385,
  "Jack Of All Trades": 18.333333333333332,