{
  "blackbeard:Lifeboat": 0,
  "Gatherer:ScentOfRosmari": 12.142857142857142,
  "Gatherer:RecoveryHerb": 40.41095890410959,
  "Gatherer:Snatch": 42.68867924528302,
  "Swift Strike": 0,
  "Gatherer:HandcraftedFence": 100,
  "infinitespire:Fortify": 33.33333333333333,
  "infinitespire:Gouge": 50,
  "Gatherer:TacticalStrike": 19.904076738609113,
  "Dramatic Entrance": 28.57142857142857,
  "Gatherer:SealedBomb": 17.045454545454543,
  "Gatherer:FeelingFine": 5.58659217877095,
  "Gatherer:HarmonicSymbol": 0,
  "strawberryCards:Neurons": 50,
  "Magnetism": 50,
  "Forethought": 0,
  "Dark Shackles": 80,
  "Gatherer:DrugPower": 19.689119170984455,
  "Gatherer:RainbowPower": 50,
  "Gatherer:AcidicSpray": 17.72151898734177,
  "Gatherer:Bulldoze": 41.66666666666667,
  "Gatherer:ColorfulGarden": 33.33333333333333,
  "Gatherer:BomberForm": 62.37623762376238,
  "Violence": 50,
  "Gatherer:BigPouch": 31.57894736842105,
  "Gatherer:EchoOfNature": 17.177914110429448,
  "Gatherer:StarFruit": 21.014492753623188,
  "Gatherer:Examine": 40.476190476190474,
  "Gatherer:BigHands": 25,
  "Bandage Up": 0,
  "Gatherer:FlowerGuard": 0,
  "Chrysalis": 33.33333333333333,
  "Gatherer:HeartToFruit": 52.12765957446809,
  "Gatherer:Salvage": 0,
  "Gatherer:CursedBlade": 23.958333333333336,
  "hubris:Insight": 66.66666666666666,
  "Gatherer:Misfortune": 11.320754716981133,
  "Gatherer:ChargingShot": 0,
  "Singing Bowl": 100,
  "Panacea": 50,
  "Gatherer:StoneFence": 28.26086956521739,
  "Deep Breath": 0,
  "blackbeard:CaptainsCabin": 0,
  "Gatherer:VenomBarrier": 28.169014084507044,
  "infinitespire:FinalStrike": 25,
  "Gatherer:CarefulStrike": 12.66490765171504,
  "Gatherer:Duplicator": 18.67007672634271,
  "Gatherer:MindSearch": 61.42857142857143,
  "infinitespire:ReplayTheSpireMod:Haul": 100,
  "infinitespire:NeuralNetwork": 100,
  "Transmutation": 0,
  "Discovery": 33.33333333333333,
  "Gatherer:FlowerFalling": 27.889447236180903,
  "Gatherer:ScrollOfPurity": 4.3478260869565215,
  "Gatherer:WitheringStrike": 44.29530201342282,
  "ReplayTheSpireMod:Echoes of Time": 0,
  "Gatherer:Enchant": 35.526315789473685,
  "infinitespire:Punishment": 20,
  "Gatherer:Fruitify": 100,
  "ReplayTheSpireMod:Necrogeddon": 0,
  "Gatherer:SaveValuables": 12.5,
  "UnyieldingZeal": 0,
  "infinitespire:FutureSight": 0,
  "Gatherer:ScrollOfWall": 9.289617486338798,
  "HandOfGreed": 100,
  "hubris:Ssssneak": 0,
  "Gatherer:GrowBook": 29.761904761904763,
  "ReplayTheSpireMod:Brewmster": 100,
  "Master of Strategy": 33.33333333333333,
  "Gatherer:GlowingPlant": 35.77235772357724,
  "hubris:Rewind": 25,
  "Gatherer:Polymorphism": 26.351351351351347,
  "Gatherer:Frenzy": 17.344173441734416,
  "hubris:Fate": 100,
  "Gatherer:MiningStrike": 31.20567375886525,
  "hubris:InfiniteBlow": 50,
  "blackbeard:Dagger": 0,
  "Gatherer:UpgradeBag": 18.11023622047244,
  "Blind": 40,
  "infinitespire:TheBestDefense": 0,
  "Gatherer:RecipeChange": 19.310344827586206,
  "Gatherer:Solidify": 23.684210526315788,
  "Gatherer:Liquidism": 47.651006711409394,
  "strawberryCards:NeglectedBlade": 0,
  "Gatherer:CoupDeGrace": 24.731182795698924,
  "Gatherer:TheCone": 33.33333333333333,
  "ReplayTheSpireMod:Haul": 33.33333333333333,
  "Gatherer:LastResort": 0,
  "Gatherer:Duality": 24.475524475524477,
  "Gatherer:Transmute": 16.778523489932887,
  "Gatherer:BronzeBlade": 0,
  "Gatherer:Pollute": 33.74233128834356,
  "Phantasmal Killer": 0,
  "Gatherer:SolarBeam": 0,
  "Gatherer:Nutrients": 36.42857142857142,
  "Gatherer:FruitForce": 42.76729559748428,
  "Enlightenment": 33.33333333333333,
  "Specialist": 0,
  "Gatherer:Photoscythe": 42.857142857142854,
  "Gatherer:FirstAidKit": 33.33333333333333,
  "Gatherer:OddSpoils": 24.18300653594771,
  "Secret Technique": 20,
  "Secret Weapon": 20,
  "The Bomb": 0,
  "Gatherer:FlowerBeam": 42.33576642335766,
  "Mind Blast": 0,
  "Crow Ritual": 0,
  "ReplayTheSpireMod:Dark Transmutation": 66.66666666666666,
  "Gatherer:SecretPlan": 0,
  "Gatherer:AlchemyTrial": 39.263803680981596,
  "Gatherer:EnergyBasket": 35.86206896551724,
  "Gatherer:Uplift": 28.994082840236686,
  "Gatherer:LuckyClover": 22.78481012658228,
  "Gatherer:BambuSword": 25.857519788918204,
  "ReplayTheSpireMod:Trickstab": 0,
  "Gatherer:WoolGloves": 14.0625,
  "Jack Of All Trades": 37.5,
  "hubris:EnhanceAbility": 100,
  "blackbeard:TacticalRetreat": 0,
  "blackbeard:GoldenCannonball": 0,
  "Midas Touch": 20,
  "Good Instincts": 0,
  "Gatherer:RottenStipe": 31.05590062111801,
  "Gatherer:GatherMaterial": 15.346534653465346,
  "Metamorphosis": 0,
  "ZealousAmbition": 0,
  "Survey Options": 0,
  "Gatherer:GlassHammer": 0,
  "infinitespire:Collect": 50,
  "Gatherer:ScherryThrow": 29.919137466307276,
  "Yohane:Kowareyasuki": 0,
  "Impatience": 16.666666666666664,
  "DeadlyAura": 0,
  "Flash of Steel": 50,
  "Gatherer:GrassHammer": 20.308483290488432,
  "infinitespire:Menacing": 0,
  "infinitespire:ReplayTheSpireMod:Dark Transmutation": 100,
  "Gatherer:Convert": 8.355091383812011,
  "Gatherer:FlowerShield": 33.16326530612245,
  "Panache": 100,
  "Gatherer:Overflowing": 55.208333333333336,
  "Gatherer:SimpleSwing": 100,
  "Gatherer:BalancedGrowth": 25.454545454545453,
  "PanicButton": 0,
  "Gatherer:QuickSynthesis": 55.29100529100529,
  "infinitespire:ReplayTheSpireMod:Echoes of Time": 0,
  "Sadistic Nature": 0,
  "Gatherer:Investigate": 100,
  "Gatherer:FlowerPower": 18.439716312056735,
  "Gatherer:CollectorsShot": 31.147540983606557,
  "ReplayUltimateDefense": 75,
  "Finesse": 60,
  "ReplayTheSpireMod:Chaos Vortex": 66.66666666666666,
  "infinitespire:DeathsTouch": 0,
  "SKIP": 100,
  "Gatherer:SmartManeuver": 24.71264367816092,
  "Poisoned Strike": 0,
  "Gatherer:Herbalism": 10.471204188481675,
  "Deadly Poison": 0,
  "Gatherer:FlamingBottle": 48.148148148148145,
  "hubris:SpiceAddiction": 41.66666666666667,
  "Madness": 33.33333333333333,
  "blackbeard:IntimidatingStrike": 0,
  "Gatherer:BlackTea": 47.19101123595505,
  "ReplayTheSpireMod:??????????????????????": 50,
  "Apotheosis": 33.33333333333333,
  "infinitespire:ReplayTheSpireMod:??????????????????????": 0,
  "Mayhem": 33.33333333333333,
  "Gatherer:TreeGrowth": 13.834951456310678,
  "Purity": 50,
  "infinitespire:Execution": 33.33333333333333,
  "Gatherer:PoisonMastery": 27.380952380952383,
  "infinitespire:UltimateForm": 33.33333333333333,
  "Trip": 0
}